order_id,customer_id,order_date,status
10001,36,2024-01-05, completed 
10002,18,2024-01-18,CANCELLED
10003,175,2024-01-22,Completed
10004,137,2024-01-21,Completed
10005,136,2024-01-23,Completed
10006,85,2024-01-24,Completed
10007,104,2024-01-30,Completed
10008,34,2024-01-20,Completed
10009,175,2024-01-10,Completed
10010,138,2024-01-04,Completed
10011,82,2024-01-13,Completed
10012,102,2024-01-28,Completed
10013,211,2024-01-01,Cancelled
10014,192,2024-01-15,Completed
10015,249,2024-01-30,Completed
10016,218,2024-01-31,Completed
10017,91,2024-01-05,Completed
10018,217,2024-01-09,Completed
10019,23,2024-01-26,Completed
10020,5,2024-01-29,Cancelled
10021,254,2024-01-17,Completed
10022,88,2024-01-23,Completed
10023,137,2024-01-17,Returned
10024,97,2024-01-17,Completed
10025,249,2024-01-02,Completed
10026,181,2024-01-04,Completed
10027,187,2024-01-03,Completed
10028,225,2024-01-17,Completed
10029,80,2024-01-22,Completed
10030,76,2024-01-21,Completed
10031,101,2024-01-14,Completed
10032,36,2024-01-18,Completed
10033,234,2024-01-12,Completed
10034,218,2024-01-03,Completed
10035,175,2024-01-04,Completed
10036,49,2024-01-17,Completed
10037,36,2024-01-03,Completed
10038,155,2024-01-30,Completed
10039,139,2024-01-05,Completed
10040,136,2024-01-07,Completed
10041,58,2024-01-17,Completed
10042,68,2024-01-14,Completed
10043,212,2024-01-22,Completed
10044,57,2024-01-16,Completed
10045,217,2024-01-23,Completed
10046,116,2024-01-29,Completed
10047,191,2024-01-15,Completed
10048,18,2024-01-16,Completed
10049,181,2024-01-27,Completed
10050,175,2024-01-12,Completed
10051,88,2024-01-15,Completed
10052,233,2024-01-16,Cancelled
10053,255,2024-01-22,Completed
10054,220,2024-01-30,Completed
10055,51,2024-02-27,Completed
10056,18,2024-02-28,Completed
10057,192,2024-02-19,Completed
10058,254,2024-02-28,Completed
10059,248,2024-02-07,Completed
10060,145,2024-02-23,Returned
10061,210,2024-02-11,Completed
10062,225,2024-02-09,Completed
10063,125,2024-02-13,Completed
10064,155,2024-02-05,Completed
10065,88,2024-02-03,Completed
10066,184,2024-02-04,Completed
10067,136,2024-02-03,Completed
10068,2,2024-02-08,Completed
10069,29,2024-02-24,Completed
10070,23,2024-02-12,Completed
10071,220,2024-02-13,Completed
10072,29,2024-02-24,Completed
10073,82,2024-02-17,Completed
10074,67,2024-02-06,Completed
10075,38,2024-02-15,Completed
10076,141,2024-02-29,Cancelled
10077,49,2024-02-18,Completed
10078,144,2024-02-07,Returned
10079,92,2024-02-26,Completed
10080,14,2024-02-02,Cancelled
10081,142,2024-02-03,Completed
10082,141,2024-02-16,Completed
10083,144,2024-02-17,Completed
10084,40,2024-02-28,Cancelled
10085,158,2024-02-23,Completed
10086,220,2024-02-25,Completed
10087,82,2024-02-04,Completed
10088,10,2024-02-15,Completed
10089,82,2024-02-23,Completed
10090,209,2024-02-07,Completed
10091,85,2024-02-11,Completed
10092,5,2024-02-01,Completed
10093,185,2024-02-16,Completed
10094,26,2024-02-10,Completed
10095,125,2024-02-13,Returned
10096,181,2024-02-09,Completed
10097,31,2024-02-05,Cancelled
10098,224,2024-02-11,Completed
10099,29,2024-02-14,Completed
10100,97,2024-02-11,Cancelled
10101,212,2024-02-27,Completed
10102,84,2024-02-15,Completed
10103,216,2024-02-27,Cancelled
10104,104,2024-02-27,Completed
10105,213,2024-02-24,Returned
10106,178,2024-02-16,Completed
10107,102,2024-02-23,Cancelled
10108,14,2024-02-20,Cancelled
10109,51,2024-03-10,Completed
10110,36,2024-03-20,Completed
10111,224,2024-03-21,Completed
10112,16,2024-03-28,Cancelled
10113,55,2024-03-13,Completed
10114,220,2024-03-30,Completed
10115,123,2024-03-11,Completed
10116,191,2024-03-03,Completed
10117,65,2024-03-16,Cancelled
10118,5,2024-03-16,Completed
10119,26,2024-03-28,Completed
10120,137,2024-03-29,Completed
10121,206,2024-03-10,Cancelled
10122,192,2024-03-05,Completed
10123,51,2024-03-27,Completed
10124,104,2024-03-15,Completed
10125,15,2024-03-31,Completed
10126,130,2024-03-29,Completed
10127,206,2024-03-26,Completed
10128,212,2024-03-07,Completed
10129,208,2024-03-11,Cancelled
10130,78,2024-03-20,Completed
10131,23,2024-03-14,Completed
10132,193,2024-03-16,Completed
10133,104,2024-03-13,Completed
10134,125,2024-03-29,Cancelled
10135,197,2024-03-21,Completed
10136,15,2024-03-29,Completed
10137,220,2024-03-19,Completed
10138,88,2024-03-06,Cancelled
10139,213,2024-03-17,Cancelled
10140,185,2024-03-13,Completed
10141,123,2024-03-13,Completed
10142,159,2024-03-07,Completed
10143,42,2024-03-26,Completed
10144,68,2024-03-21,Completed
10145,123,2024-03-28,Completed
10146,155,2024-03-09,Completed
10147,174,2024-03-06,Completed
10148,184,2024-03-18,Completed
10149,57,2024-03-22,Completed
10150,138,2024-03-28,Completed
10151,2,2024-03-31,Completed
10152,13,2024-03-24,Completed
10153,88,2024-03-27,Completed
10154,123,2024-03-20,Completed
10155,158,2024-03-04,Completed
10156,178,2024-03-10,Completed
10157,192,2024-03-20,Completed
10158,224,2024-03-18,Completed
10159,49,2024-03-26,Completed
10160,191,2024-03-21,Completed
10161,51,2024-03-21,Completed
10162,15,2024-03-15,Completed
10163,91,2024-04-28,Completed
10164,189,2024-04-11,Completed
10165,18,2024-04-30,Completed
10166,159,2024-04-24,Returned
10167,144,2024-04-04,Completed
10168,125,2024-04-12,Completed
10169,213,2024-04-16,Cancelled
10170,211,2024-04-17,Completed
10171,76,2024-04-30,Completed
10172,10,2024-04-16,Completed
10173,2,2024-04-21,Completed
10174,233,2024-04-25,Cancelled
10175,23,2024-04-09,Completed
10176,106,2024-04-02,Completed
10177,178,2024-04-29,Completed
10178,192,2024-04-22,Completed
10179,15,2024-04-23,Cancelled
10180,92,2024-04-13,Cancelled
10181,91,2024-04-06,Completed
10182,15,2024-04-12,Cancelled
10183,8,2024-04-20,Completed
10184,255,2024-04-25,Completed
10185,193,2024-04-11,Completed
10186,58,2024-04-14,Completed
10187,233,2024-04-17,Cancelled
10188,248,2024-04-01,Completed
10189,86,2024-04-19,Completed
10190,80,2024-04-30,Completed
10191,23,2024-04-18,Completed
10192,144,2024-04-28,Cancelled
10193,23,2024-04-02,Cancelled
10194,125,2024-04-18,Cancelled
10195,93,2024-04-05,Completed
10196,210,2024-04-15,Completed
10197,86,2024-04-25,Completed
10198,144,2024-04-04,Returned
10199,147,2024-04-25,Completed
10200,126,2024-04-27,Completed
10201,175,2024-04-15,Returned
10202,32,2024-04-07,Completed
10203,14,2024-04-01,Completed
10204,125,2024-04-17,Completed
10205,137,2024-04-28,Completed
10206,220,2024-04-12,Completed
10207,123,2024-04-06,Cancelled
10208,137,2024-04-22,Completed
10209,213,2024-04-03,Completed
10210,67,2024-04-19,Completed
10211,254,2024-04-06,Returned
10212,85,2024-04-26,Completed
10213,206,2024-04-22,Completed
10214,216,2024-04-27,Completed
10215,18,2024-04-08,Cancelled
10216,32,2024-04-21,Completed
10217,38,2024-05-19,Completed
10218,249,2024-05-31,Completed
10219,126,2024-05-22,Returned
10220,216,2024-05-24,Completed
10221,32,2024-05-22,Completed
10222,84,2024-05-05,Completed
10223,18,2024-05-11,Completed
10224,189,2024-05-24,Completed
10225,1,2024-05-03,Completed
10226,102,2024-05-21,Cancelled
10227,55,2024-05-24,Completed
10228,69,2024-05-27,Completed
10229,74,2024-05-27,Completed
10230,68,2024-05-25,Completed
10231,130,2024-05-08,Completed
10232,85,2024-05-14,Completed
10233,40,2024-05-30,Completed
10234,246,2024-05-11,Completed
10235,49,2024-05-02,Completed
10236,144,2024-05-09,Completed
10237,220,2024-05-21,Completed
10238,78,2024-05-27,Completed
10239,212,2024-05-20,Completed
10240,84,2024-05-14,Completed
10241,144,2024-05-23,Cancelled
10242,116,2024-05-19,Completed
10243,248,2024-05-12,Completed
10244,234,2024-05-26,Completed
10245,136,2024-05-29,Cancelled
10246,125,2024-05-17,Completed
10247,136,2024-05-12,Completed
10248,210,2024-05-20,Returned
10249,174,2024-05-28,Completed
10250,18,2024-05-07,Completed
10251,155,2024-05-02,Completed
10252,85,2024-05-27,Completed
10253,2,2024-05-11,Completed
10254,192,2024-05-14,Cancelled
10255,31,2024-05-07,Completed
10256,45,2024-05-24,Completed
10257,36,2024-05-01,Completed
10258,158,2024-05-11,Completed
10259,67,2024-05-25,Completed
10260,139,2024-05-01,Completed
10261,23,2024-05-29,Completed
10262,248,2024-05-24,Completed
10263,178,2024-05-23,Completed
10264,67,2024-05-02,Cancelled
10265,137,2024-05-12,Completed
10266,234,2024-05-20,Completed
10267,18,2024-05-05,Completed
10268,174,2024-05-09,Completed
10269,65,2024-05-23,Completed
10270,74,2024-05-14,Completed
10271,76,2024-06-30,Completed
10272,88,2024-06-04,Completed
10273,220,2024-06-04,Completed
10274,38,2024-06-21,Completed
10275,58,2024-06-04,Completed
10276,136,2024-06-15,Completed
10277,26,2024-06-19,Completed
10278,193,2024-06-15,Completed
10279,218,2024-06-26,Completed
10280,158,2024-06-18,Completed
10281,218,2024-06-21,Cancelled
10282,20,2024-06-29,Completed
10283,74,2024-06-03,Completed
10284,175,2024-06-02,Completed
10285,157,2024-06-13,Completed
10286,176,2024-06-16,Completed
10287,101,2024-06-19,Completed
10288,197,2024-06-14,Completed
10289,187,2024-06-14,Cancelled
10290,139,2024-06-02,Returned
10291,217,2024-06-28,Completed
10292,32,2024-06-06,Cancelled
10293,155,2024-06-23,Completed
10294,155,2024-06-01,Completed
10295,136,2024-06-08,Completed
10296,233,2024-06-08,Completed
10297,136,2024-06-21,Completed
10298,27,2024-06-29,Completed
10299,157,2024-06-08,Completed
10300,178,2024-06-16,Cancelled
10301,67,2024-06-28,Completed
10302,176,2024-06-12,Completed
10303,29,2024-06-21,Completed
10304,155,2024-06-29,Cancelled
10305,169,2024-06-30,Completed
10306,40,2024-06-12,Completed
10307,38,2024-06-17,Completed
10308,57,2024-06-23,Completed
10309,138,2024-06-15,Completed
10310,236,2024-06-28,Completed
10311,184,2024-06-10,Cancelled
10312,51,2024-06-10,Completed
10313,118,2024-06-28,Completed
10314,145,2024-06-05,Cancelled
10315,22,2024-06-28,Cancelled
10316,16,2024-06-11,Completed
10317,123,2024-06-06,Completed
10318,14,2024-06-01,Completed
10319,104,2024-06-19,Completed
10320,144,2024-06-17,Completed
10321,225,2024-06-04,Completed
10322,129,2024-06-30,Completed
10323,233,2024-06-16,Completed
10324,97,2024-06-07,Completed
10325,106,2024-07-21,Completed
10326,41,2024-07-23,Completed
10327,26,2024-07-23,Cancelled
10328,155,2024-07-04,Completed
10329,15,2024-07-03,Completed
10330,23,2024-07-25,Completed
10331,209,2024-07-05,Completed
10332,191,2024-07-20,Completed
10333,101,2024-07-15,Completed
10334,58,2024-07-14,Completed
10335,255,2024-07-26,Completed
10336,61,2024-07-27,Completed
10337,175,2024-07-04,Completed
10338,249,2024-07-05,Completed
10339,184,2024-07-13,Completed
10340,99,2024-07-08,Completed
10341,85,2024-07-02,Completed
10342,15,2024-07-10,Completed
10343,71,2024-07-12,Completed
10344,85,2024-07-20,Completed
10345,217,2024-07-13,Completed
10346,67,2024-07-04,Completed
10347,137,2024-07-29,Cancelled
10348,236,2024-07-13,Completed
10349,208,2024-07-26,Returned
10350,142,2024-07-13,Completed
10351,82,2024-07-25,Returned
10352,97,2024-07-23,Completed
10353,91,2024-07-01,Completed
10354,249,2024-07-05,Completed
10355,32,2024-07-03,Completed
10356,82,2024-07-28,Completed
10357,10,2024-07-08,Completed
10358,82,2024-07-02,Completed
10359,65,2024-07-06,Completed
10360,45,2024-07-01,Completed
10361,136,2024-07-25,Completed
10362,158,2024-07-02,Completed
10363,217,2024-07-22,Completed
10364,46,2024-07-30,Cancelled
10365,46,2024-07-16,Cancelled
10366,41,2024-07-10,Completed
10367,155,2024-07-07,Completed
10368,241,2024-07-26,Completed
10369,10,2024-07-22,Completed
10370,61,2024-07-10,Completed
10371,93,2024-07-21,Completed
10372,147,2024-07-25,Returned
10373,184,2024-07-23,Completed
10374,57,2024-07-12,Cancelled
10375,189,2024-07-02,Completed
10376,65,2024-07-29,Cancelled
10377,34,2024-07-14,Completed
10378,246,2024-07-20,Cancelled
10379,44,2024-08-17,Completed
10380,176,2024-08-15,Completed
10381,82,2024-08-20,Completed
10382,246,2024-08-20,Cancelled
10383,65,2024-08-22,Completed
10384,193,2024-08-26,Completed
10385,192,2024-08-15,Completed
10386,1,2024-08-01,Returned
10387,102,2024-08-15,Completed
10388,67,2024-08-21,Completed
10389,159,2024-08-16,Completed
10390,18,2024-08-27,Completed
10391,23,2024-08-25,Completed
10392,233,2024-08-20,Completed
10393,10,2024-08-21,Completed
10394,189,2024-08-26,Completed
10395,189,2024-08-31,Completed
10396,157,2024-08-27,Completed
10397,32,2024-08-08,Completed
10398,244,2024-08-11,Completed
10399,45,2024-08-01,Completed
10400,135,2024-08-05,Completed
10401,125,2024-08-15,Completed
10402,88,2024-08-06,Completed
10403,246,2024-08-29,Completed
10404,16,2024-08-17,Completed
10405,174,2024-08-19,Completed
10406,102,2024-08-30,Completed
10407,34,2024-08-15,Completed
10408,51,2024-08-27,Completed
10409,139,2024-08-09,Completed
10410,77,2024-08-29,Completed
10411,34,2024-08-09,Completed
10412,129,2024-08-27,Completed
10413,208,2024-08-04,Completed
10414,23,2024-08-01,Cancelled
10415,76,2024-08-11,Completed
10416,29,2024-08-10,Completed
10417,13,2024-08-08,Cancelled
10418,245,2024-08-29,Completed
10419,193,2024-08-07,Completed
10420,255,2024-08-28,Completed
10421,65,2024-08-25,Completed
10422,233,2024-08-18,Returned
10423,217,2024-08-10,Completed
10424,86,2024-08-03,Completed
10425,174,2024-08-02,Completed
10426,98,2024-08-26,Completed
10427,76,2024-08-05,Completed
10428,138,2024-08-31,Completed
10429,230,2024-08-13,Completed
10430,230,2024-08-10,Completed
10431,225,2024-08-11,Completed
10432,216,2024-08-03,Completed
10433,212,2024-09-22,Returned
10434,145,2024-09-10,Completed
10435,181,2024-09-07,Cancelled
10436,175,2024-09-09,Completed
10437,141,2024-09-17,Completed
10438,139,2024-09-17,Completed
10439,10,2024-09-14,Completed
10440,15,2024-09-23,Completed
10441,233,2024-09-27,Completed
10442,93,2024-09-09,Completed
10443,244,2024-09-11,Completed
10444,192,2024-09-02,Completed
10445,174,2024-09-09,Completed
10446,141,2024-09-07,Completed
10447,82,2024-09-19,Completed
10448,147,2024-09-27,Completed
10449,255,2024-09-18,Completed
10450,197,2024-09-20,Completed
10451,57,2024-09-14,Completed
10452,51,2024-09-19,Completed
10453,156,2024-09-18,Returned
10454,49,2024-09-07,Cancelled
10455,2,2024-09-26,Completed
10456,8,2024-09-15,Completed
10457,230,2024-09-06,Completed
10458,118,2024-09-03,Cancelled
10459,135,2024-09-04,Completed
10460,225,2024-09-14,Completed
10461,40,2024-09-24,Cancelled
10462,67,2024-09-13,Completed
10463,65,2024-09-12,Completed
10464,176,2024-09-13,Completed
10465,80,2024-09-27,Completed
10466,234,2024-09-26,Cancelled
10467,15,2024-09-13,Completed
10468,156,2024-09-08,Completed
10469,208,2024-09-09,Completed
10470,123,2024-09-27,Completed
10471,10,2024-09-05,Cancelled
10472,97,2024-09-13,Completed
10473,31,2024-09-02,Returned
10474,126,2024-09-07,Completed
10475,176,2024-09-28,Cancelled
10476,141,2024-09-07,Completed
10477,5,2024-09-03,Completed
10478,123,2024-09-20,Completed
10479,236,2024-09-18,Completed
10480,255,2024-09-17,Completed
10481,126,2024-09-03,Completed
10482,125,2024-09-30,Cancelled
10483,15,2024-09-25,Completed
10484,45,2024-09-10,Completed
10485,244,2024-09-22,Completed
10486,137,2024-09-30,Completed
10487,5,2024-10-02,Completed
10488,204,2024-10-22,Completed
10489,27,2024-10-04,Completed
10490,257,2024-10-07,Completed
10491,225,2024-10-14,Cancelled
10492,155,2024-10-13,Cancelled
10493,38,2024-10-06,Cancelled
10494,78,2024-10-09,Completed
10495,185,2024-10-30,Cancelled
10496,1,2024-10-03,Cancelled
10497,257,2024-10-21,Completed
10498,257,2024-10-07,Completed
10499,220,2024-10-05,Completed
10500,99,2024-10-21,Completed
10501,136,2024-10-26,Completed
10502,69,2024-10-20,Completed
10503,44,2024-10-24,Completed
10504,80,2024-10-11,Completed
10505,191,2024-10-31,Cancelled
10506,254,2024-10-21,Completed
10507,49,2024-10-04,Completed
10508,157,2024-10-20,Completed
10509,133,2024-10-10,Completed
10510,38,2024-10-07,Completed
10511,135,2024-10-12,Completed
10512,77,2024-10-20,Completed
10513,249,2024-10-20,Completed
10514,217,2024-10-15,Completed
10515,125,2024-10-20,Completed
10516,45,2024-10-21,Completed
10517,32,2024-10-22,Completed
10518,101,2024-10-18,Completed
10519,184,2024-10-12,Completed
10520,50,2024-10-21,Completed
10521,92,2024-10-18,Completed
10522,93,2024-10-25,Cancelled
10523,204,2024-10-08,Completed
10524,77,2024-10-07,Completed
10525,10,2024-10-17,Completed
10526,217,2024-10-05,Completed
10527,38,2024-10-09,Cancelled
10528,71,2024-10-01,Completed
10529,175,2024-10-06,Completed
10530,178,2024-10-04,Cancelled
10531,135,2024-10-23,Completed
10532,14,2024-10-26,Completed
10533,84,2024-10-28,Completed
10534,230,2024-10-23,Cancelled
10535,175,2024-10-28,Completed
10536,16,2024-10-19,Cancelled
10537,16,2024-10-20,Completed
10538,212,2024-10-22,Completed
10539,102,2024-10-21,Completed
10540,156,2024-10-06,Completed
10541,5,2024-11-21,Completed
10542,192,2024-11-03,Returned
10543,101,2024-11-14,Completed
10544,137,2024-11-12,Completed
10545,26,2024-11-27,Completed
10546,92,2024-11-01,Completed
10547,239,2024-11-13,Completed
10548,135,2024-11-13,Completed
10549,101,2024-11-21,Completed
10550,101,2024-11-18,Completed
10551,242,2024-11-04,Completed
10552,190,2024-11-17,Completed
10553,217,2024-11-18,Completed
10554,89,2024-11-13,Completed
10555,44,2024-11-02,Completed
10556,14,2024-11-25,Completed
10557,175,2024-11-19,Completed
10558,187,2024-11-13,Completed
10559,13,2024-11-06,Completed
10560,144,2024-11-03,Cancelled
10561,49,2024-11-11,Completed
10562,77,2024-11-03,Completed
10563,158,2024-11-23,Completed
10564,197,2024-11-12,Completed
10565,216,2024-11-12,Completed
10566,144,2024-11-15,Completed
10567,80,2024-11-27,Completed
10568,46,2024-11-28,Completed
10569,213,2024-11-23,Completed
10570,239,2024-11-14,Completed
10571,20,2024-11-07,Completed
10572,58,2024-11-02,Completed
10573,137,2024-11-15,Returned
10574,104,2024-11-18,Completed
10575,193,2024-11-23,Completed
10576,218,2024-11-14,Completed
10577,245,2024-11-05,Returned
10578,32,2024-11-11,Completed
10579,84,2024-11-23,Cancelled
10580,191,2024-11-13,Completed
10581,82,2024-11-23,Completed
10582,65,2024-11-04,Completed
10583,18,2024-11-19,Completed
10584,136,2024-11-04,Completed
10585,142,2024-11-28,Completed
10586,118,2024-11-08,Completed
10587,254,2024-11-04,Completed
10588,208,2024-11-03,Completed
10589,241,2024-11-28,Cancelled
10590,78,2024-11-08,Completed
10591,156,2024-11-28,Completed
10592,155,2024-11-16,Completed
10593,176,2024-11-09,Completed
10594,176,2024-11-20,Completed
10595,120,2024-12-14,Completed
10596,58,2024-12-22,Completed
10597,35,2024-12-10,Completed
10598,40,2024-12-01,Returned
10599,85,2024-12-20,Completed
10600,213,2024-12-12,Cancelled
10601,34,2024-12-11,Returned
10602,86,2024-12-06,Completed
10603,139,2024-12-08,Completed
10604,40,2024-12-09,Cancelled
10605,163,2024-12-19,Returned
10606,242,2024-12-25,Completed
10607,242,2024-12-26,Completed
10608,118,2024-12-30,Completed
10609,159,2024-12-25,Completed
10610,74,2024-12-17,Completed
10611,244,2024-12-21,Completed
10612,245,2024-12-27,Completed
10613,40,2024-12-23,Completed
10614,156,2024-12-12,Cancelled
10615,73,2024-12-25,Completed
10616,37,2024-12-13,Completed
10617,8,2024-12-10,Completed
10618,145,2024-12-03,Completed
10619,49,2024-12-06,Completed
10620,139,2024-12-09,Completed
10621,86,2024-12-22,Completed
10622,248,2024-12-15,Completed
10623,73,2024-12-22,Completed
10624,257,2024-12-03,Completed
10625,71,2024-12-12,Completed
10626,235,2024-12-23,Completed
10627,91,2024-12-17,Completed
10628,104,2024-12-24,Completed
10629,28,2024-12-14,Completed
10630,49,2024-12-06,Completed
10631,20,2024-12-16,Completed
10632,175,2024-12-12,Completed
10633,20,2024-12-17,Completed
10634,38,2024-12-09,Cancelled
10635,208,2024-12-18,Completed
10636,123,2024-12-18,Completed
10637,36,2024-12-06,Completed
10638,104,2024-12-18,Completed
10639,137,2024-12-26,Cancelled
10640,139,2024-12-05,Cancelled
10641,67,2024-12-27,Completed
10642,193,2024-12-08,Returned
10643,216,2024-12-03,Completed
10644,87,2024-12-27,Completed
10645,190,2024-12-22,Completed
10646,34,2024-12-18,Completed
10647,158,2024-12-09,Completed
10648,135,2024-12-02,Completed
10649,42,2025-01-01,Completed
10650,78,2025-01-08,Completed
10651,147,2025-01-21,Completed
10652,224,2025-01-22,Completed
10653,91,2025-01-06,Completed
10654,140,2025-01-13,Completed
10655,145,2025-01-27,Completed
10656,155,2025-01-31,Cancelled
10657,1,2025-01-06,Completed
10658,204,2025-01-29,Completed
10659,133,2025-01-29,Completed
10660,125,2025-01-11,Completed
10661,80,2025-01-23,Completed
10662,84,2025-01-10,Completed
10663,136,2025-01-05,Completed
10664,61,2025-01-11,Returned
10665,141,2025-01-03,Completed
10666,16,2025-01-23,Completed
10667,178,2025-01-20,Cancelled
10668,142,2025-01-08,Completed
10669,82,2025-01-26,Cancelled
10670,14,2025-01-06,Completed
10671,13,2025-01-21,Completed
10672,138,2025-01-16,Completed
10673,85,2025-01-28,Completed
10674,88,2025-01-26,Completed
10675,58,2025-01-30,Completed
10676,216,2025-01-20,Cancelled
10677,181,2025-01-31,Completed
10678,68,2025-01-13,Completed
10679,86,2025-01-22,Completed
10680,139,2025-01-04,Returned
10681,211,2025-01-19,Completed
10682,136,2025-01-25,Completed
10683,171,2025-01-11,Completed
10684,99,2025-01-17,Completed
10685,104,2025-01-14,Completed
10686,88,2025-01-28,Completed
10687,51,2025-01-09,Completed
10688,107,2025-01-09,Completed
10689,22,2025-01-11,Completed
10690,178,2025-01-08,Cancelled
10691,89,2025-01-30,Completed
10692,144,2025-01-28,Completed
10693,257,2025-01-15,Completed
10694,138,2025-01-16,Completed
10695,120,2025-01-22,Completed
10696,169,2025-01-28,Returned
10697,82,2025-01-22,Completed
10698,212,2025-01-12,Completed
10699,123,2025-01-18,Completed
10700,144,2025-01-01,Completed
10701,57,2025-01-17,Completed
10702,233,2025-01-22,Completed
10703,189,2025-01-02,Completed
10704,133,2025-01-19,Completed
10705,142,2025-01-19,Completed
10706,141,2025-01-15,Completed
10707,86,2025-01-06,Cancelled
10708,137,2025-01-24,Completed
10709,246,2025-01-01,Completed
10710,49,2025-01-25,Completed
10711,244,2025-01-29,Completed
10712,187,2025-01-12,Completed
10713,97,2025-01-01,Completed
10714,36,2025-01-28,Completed
10715,58,2025-01-05,Completed
10716,80,2025-01-05,Completed
10717,78,2025-01-25,Completed
10718,242,2025-01-27,Completed
10719,137,2025-01-19,Returned
10720,69,2025-01-20,Completed
10721,15,2025-02-11,Completed
10722,235,2025-02-12,Returned
10723,225,2025-02-28,Completed
10724,181,2025-02-01,Completed
10725,49,2025-02-06,Completed
10726,155,2025-02-09,Completed
10727,77,2025-02-08,Completed
10728,113,2025-02-19,Completed
10729,130,2025-02-23,Completed
10730,77,2025-02-10,Completed
10731,80,2025-02-27,Cancelled
10732,61,2025-02-22,Returned
10733,197,2025-02-07,Completed
10734,55,2025-02-06,Completed
10735,139,2025-02-11,Completed
10736,106,2025-02-27,Completed
10737,234,2025-02-27,Completed
10738,156,2025-02-04,Completed
10739,99,2025-02-11,Completed
10740,230,2025-02-26,Completed
10741,92,2025-02-12,Completed
10742,44,2025-02-13,Completed
10743,27,2025-02-20,Completed
10744,126,2025-02-13,Completed
10745,191,2025-02-04,Completed
10746,49,2025-02-27,Completed
10747,106,2025-02-24,Completed
10748,244,2025-02-06,Completed
10749,2,2025-02-22,Completed
10750,78,2025-02-21,Completed
10751,249,2025-02-23,Completed
10752,68,2025-02-07,Completed
10753,209,2025-02-04,Completed
10754,46,2025-02-19,Completed
10755,213,2025-02-25,Completed
10756,242,2025-02-20,Cancelled
10757,51,2025-02-16,Returned
10758,147,2025-02-17,Completed
10759,158,2025-02-17,Returned
10760,229,2025-02-07,Completed
10761,127,2025-02-27,Completed
10762,91,2025-02-23,Completed
10763,138,2025-02-08,Completed
10764,86,2025-02-22,Completed
10765,23,2025-02-22,Completed
10766,133,2025-02-21,Cancelled
10767,40,2025-02-11,Completed
10768,193,2025-02-22,Completed
10769,85,2025-02-28,Completed
10770,116,2025-02-16,Completed
10771,5,2025-02-17,Completed
10772,40,2025-02-04,Completed
10773,129,2025-02-23,Completed
10774,8,2025-02-16,Completed
10775,169,2025-02-14,Returned
10776,220,2025-02-27,Completed
10777,213,2025-02-08,Completed
10778,241,2025-02-13,Returned
10779,58,2025-02-03,Completed
10780,32,2025-02-06,Completed
10781,99,2025-02-19,Cancelled
10782,88,2025-02-25,Completed
10783,74,2025-02-07,Completed
10784,153,2025-02-07,Completed
10785,253,2025-02-06,Completed
10786,120,2025-02-04,Completed
10787,107,2025-02-15,Completed
10788,137,2025-02-13,Completed
10789,169,2025-02-20,Completed
10790,20,2025-02-16,Completed
10791,127,2025-02-21,Cancelled
10792,208,2025-02-01,Completed
10793,241,2025-03-29,Completed
10794,241,2025-03-23,Completed
10795,35,2025-03-31,Completed
10796,241,2025-03-29,Completed
10797,92,2025-03-26,Completed
10798,7,2025-03-19,Completed
10799,76,2025-03-16,Completed
10800,2,2025-03-31,Completed
10801,91,2025-03-17,Completed
10802,98,2025-03-20,Completed
10803,67,2025-03-07,Completed
10804,31,2025-03-14,Completed
10805,87,2025-03-06,Completed
10806,14,2025-03-18,Completed
10807,216,2025-03-21,Completed
10808,156,2025-03-20,Completed
10809,130,2025-03-20,Completed
10810,240,2025-03-17,Completed
10811,48,2025-03-07,Completed
10812,69,2025-03-03,Completed
10813,142,2025-03-12,Completed
10814,239,2025-03-22,Completed
10815,10,2025-03-10,Completed
10816,234,2025-03-15,Completed
10817,208,2025-03-08,Completed
10818,18,2025-03-18,Completed
10819,52,2025-03-07,Completed
10820,49,2025-03-21,Completed
10821,75,2025-03-09,Completed
10822,150,2025-03-09,Completed
10823,127,2025-03-19,Completed
10824,213,2025-03-27,Completed
10825,35,2025-03-12,Cancelled
10826,204,2025-03-01,Completed
10827,139,2025-03-27,Cancelled
10828,209,2025-03-01,Completed
10829,27,2025-03-11,Cancelled
10830,82,2025-03-03,Completed
10831,80,2025-03-16,Completed
10832,197,2025-03-12,Completed
10833,257,2025-03-19,Completed
10834,233,2025-03-19,Completed
10835,125,2025-03-19,Completed
10836,36,2025-03-10,Completed
10837,216,2025-03-20,Completed
10838,241,2025-03-04,Completed
10839,92,2025-03-27,Completed
10840,85,2025-03-31,Completed
10841,4,2025-03-15,Completed
10842,185,2025-03-01,Completed
10843,229,2025-03-09,Completed
10844,187,2025-03-25,Completed
10845,126,2025-03-11,Returned
10846,16,2025-03-05,Completed
10847,82,2025-03-14,Completed
10848,210,2025-03-29,Completed
10849,217,2025-03-18,Completed
10850,18,2025-03-07,Completed
10851,87,2025-03-17,Completed
10852,76,2025-03-17,Completed
10853,197,2025-03-21,Completed
10854,172,2025-03-26,Cancelled
10855,172,2025-03-09,Completed
10856,210,2025-03-10,Completed
10857,229,2025-03-29,Cancelled
10858,97,2025-03-02,Completed
10859,248,2025-03-16,Completed
10860,242,2025-03-28,Completed
10861,217,2025-03-21,Completed
10862,57,2025-03-16,Completed
10863,230,2025-03-24,Completed
10864,208,2025-03-28,Completed
10865,188,2025-04-12,Completed
10866,61,2025-04-30,Completed
10867,75,2025-04-18,Completed
10868,61,2025-04-13,Completed
10869,27,2025-04-16,Returned
10870,74,2025-04-14,Completed
10871,206,2025-04-30,Completed
10872,7,2025-04-14,Cancelled
10873,133,2025-04-13,Completed
10874,65,2025-04-19,Completed
10875,244,2025-04-24,Completed
10876,178,2025-04-13,Completed
10877,23,2025-04-06,Completed
10878,51,2025-04-13,Completed
10879,213,2025-04-25,Completed
10880,93,2025-04-12,Cancelled
10881,129,2025-04-10,Completed
10882,34,2025-04-08,Completed
10883,13,2025-04-28,Completed
10884,189,2025-04-24,Completed
10885,34,2025-04-20,Completed
10886,246,2025-04-04,Completed
10887,118,2025-04-17,Cancelled
10888,45,2025-04-11,Completed
10889,26,2025-04-13,Cancelled
10890,106,2025-04-22,Completed
10891,188,2025-04-21,Completed
10892,120,2025-04-22,Completed
10893,172,2025-04-27,Cancelled
10894,46,2025-04-17,Completed
10895,87,2025-04-06,Completed
10896,123,2025-04-30,Completed
10897,61,2025-04-30,Completed
10898,139,2025-04-05,Completed
10899,192,2025-04-11,Completed
10900,46,2025-04-27,Cancelled
10901,58,2025-04-23,Completed
10902,187,2025-04-07,Completed
10903,113,2025-04-29,Completed
10904,51,2025-04-03,Completed
10905,13,2025-04-16,Completed
10906,31,2025-04-14,Completed
10907,197,2025-04-13,Completed
10908,69,2025-04-13,Completed
10909,32,2025-04-01,Completed
10910,188,2025-04-24,Completed
10911,42,2025-04-18,Completed
10912,10,2025-04-29,Completed
10913,98,2025-04-09,Completed
10914,193,2025-04-01,Cancelled
10915,85,2025-04-02,Completed
10916,130,2025-04-26,Completed
10917,90,2025-04-23,Completed
10918,168,2025-04-06,Cancelled
10919,101,2025-04-18,Completed
10920,19,2025-04-19,Completed
10921,256,2025-04-21,Returned
10922,76,2025-04-25,Completed
10923,46,2025-04-27,Completed
10924,181,2025-04-21,Completed
10925,249,2025-04-29,Completed
10926,250,2025-04-11,Completed
10927,104,2025-04-22,Completed
10928,26,2025-04-24,Completed
10929,6,2025-04-28,Completed
10930,204,2025-04-17,Cancelled
10931,48,2025-04-09,Completed
10932,126,2025-04-26,Completed
10933,142,2025-04-19,Completed
10934,141,2025-04-27,Completed
10935,220,2025-04-16,Completed
10936,44,2025-04-10,Completed
10937,93,2025-05-15,Cancelled
10938,13,2025-05-11,Completed
10939,221,2025-05-26,Returned
10940,241,2025-05-22,Completed
10941,75,2025-05-01,Completed
10942,32,2025-05-28,Completed
10943,184,2025-05-22,Completed
10944,244,2025-05-19,Completed
10945,152,2025-05-21,Completed
10946,45,2025-05-20,Completed
10947,14,2025-05-30,Cancelled
10948,126,2025-05-15,Completed
10949,129,2025-05-20,Completed
10950,135,2025-05-11,Completed
10951,248,2025-05-18,Cancelled
10952,20,2025-05-16,Completed
10953,174,2025-05-21,Completed
10954,172,2025-05-01,Completed
10955,77,2025-05-27,Completed
10956,42,2025-05-29,Cancelled
10957,68,2025-05-06,Cancelled
10958,41,2025-05-14,Completed
10959,46,2025-05-14,Completed
10960,10,2025-05-21,Completed
10961,212,2025-05-19,Completed
10962,172,2025-05-28,Completed
10963,3,2025-05-23,Completed
10964,125,2025-05-19,Completed
10965,245,2025-05-01,Completed
10966,210,2025-05-26,Completed
10967,144,2025-05-26,Completed
10968,32,2025-05-20,Completed
10969,168,2025-05-21,Completed
10970,240,2025-05-19,Completed
10971,22,2025-05-08,Completed
10972,41,2025-05-28,Completed
10973,144,2025-05-26,Completed
10974,80,2025-05-21,Completed
10975,254,2025-05-13,Completed
10976,1,2025-05-24,Completed
10977,116,2025-05-30,Completed
10978,102,2025-05-07,Completed
10979,82,2025-05-17,Completed
10980,78,2025-05-30,Completed
10981,197,2025-05-14,Completed
10982,246,2025-05-08,Completed
10983,165,2025-05-30,Returned
10984,19,2025-05-06,Completed
10985,38,2025-05-07,Returned
10986,19,2025-05-14,Completed
10987,69,2025-05-16,Completed
10988,35,2025-05-07,Cancelled
10989,245,2025-05-23,Completed
10990,7,2025-05-01,Completed
10991,93,2025-05-06,Completed
10992,50,2025-05-09,Completed
10993,256,2025-05-28,Completed
10994,135,2025-05-11,Completed
10995,65,2025-05-06,Completed
10996,211,2025-05-11,Completed
10997,72,2025-05-22,Completed
10998,52,2025-05-18,Completed
10999,137,2025-05-18,Completed
11000,86,2025-05-23,Cancelled
11001,13,2025-05-16,Returned
11002,236,2025-05-03,Completed
11003,91,2025-05-14,Cancelled
11004,107,2025-05-22,Cancelled
11005,248,2025-05-17,Cancelled
11006,156,2025-05-14,Completed
11007,57,2025-05-25,Completed
11008,75,2025-05-13,Completed
11009,85,2025-06-27,Cancelled
11010,13,2025-06-22,Completed
11011,88,2025-06-01,Cancelled
11012,111,2025-06-21,Completed
11013,51,2025-06-19,Completed
11014,71,2025-06-28,Completed
11015,157,2025-06-06,Completed
11016,200,2025-06-16,Completed
11017,5,2025-06-23,Cancelled
11018,244,2025-06-08,Completed
11019,223,2025-06-19,Completed
11020,136,2025-06-29,Completed
11021,89,2025-06-22,Completed
11022,192,2025-06-05,Cancelled
11023,235,2025-06-20,Completed
11024,88,2025-06-06,Cancelled
11025,134,2025-06-04,Completed
11026,98,2025-06-29,Completed
11027,3,2025-06-12,Completed
11028,88,2025-06-12,Completed
11029,116,2025-06-27,Cancelled
11030,102,2025-06-07,Completed
11031,32,2025-06-01,Completed
11032,174,2025-06-03,Completed
11033,106,2025-06-15,Completed
11034,156,2025-06-13,Returned
11035,188,2025-06-20,Completed
11036,1,2025-06-10,Completed
11037,239,2025-06-18,Completed
11038,139,2025-06-06,Completed
11039,213,2025-06-25,Completed
11040,133,2025-06-05,Completed
11041,234,2025-06-11,Completed
11042,225,2025-06-25,Completed
11043,76,2025-06-30,Cancelled
11044,106,2025-06-18,Completed
11045,51,2025-06-02,Completed
11046,89,2025-06-01,Completed
11047,108,2025-06-04,Completed
11048,206,2025-06-01,Completed
11049,138,2025-06-13,Completed
11050,89,2025-06-02,Completed
11051,250,2025-06-15,Completed
11052,137,2025-06-14,Completed
11053,211,2025-06-04,Completed
11054,41,2025-06-26,Completed
11055,52,2025-06-20,Cancelled
11056,5,2025-06-11,Completed
11057,40,2025-06-25,Completed
11058,126,2025-06-06,Cancelled
11059,46,2025-06-27,Completed
11060,29,2025-06-07,Completed
11061,72,2025-06-26,Returned
11062,125,2025-06-03,Completed
11063,155,2025-06-26,Completed
11064,36,2025-06-29,Completed
11065,98,2025-06-16,Completed
11066,37,2025-06-07,Completed
11067,84,2025-06-05,Returned
11068,150,2025-06-12,Completed
11069,142,2025-06-10,Completed
11070,208,2025-06-16,Completed
11071,150,2025-06-25,Completed
11072,126,2025-06-18,Completed
11073,224,2025-06-07,Completed
11074,92,2025-06-12,Completed
11075,104,2025-06-13,Completed
11076,57,2025-06-14,Cancelled
11077,172,2025-06-19,Cancelled
11078,174,2025-06-07,Completed
11079,82,2025-06-14,Completed
11080,112,2025-06-27,Completed
11081,158,2025-07-15,Completed
11082,29,2025-07-03,Completed
11083,169,2025-07-02,Completed
11084,55,2025-07-16,Completed
11085,56,2025-07-13,Completed
11086,171,2025-07-19,Completed
11087,208,2025-07-11,Completed
11088,88,2025-07-04,Completed
11089,213,2025-07-07,Completed
11090,11,2025-07-11,Completed
11091,174,2025-07-01,Completed
11092,42,2025-07-24,Completed
11093,8,2025-07-05,Completed
11094,206,2025-07-09,Cancelled
11095,178,2025-07-17,Completed
11096,52,2025-07-09,Completed
11097,15,2025-07-20,Completed
11098,88,2025-07-25,Completed
11099,50,2025-07-11,Completed
11100,112,2025-07-21,Completed
11101,41,2025-07-11,Completed
11102,133,2025-07-05,Completed
11103,73,2025-07-19,Completed
11104,133,2025-07-07,Completed
11105,50,2025-07-14,Completed
11106,101,2025-07-28,Completed
11107,8,2025-07-23,Completed
11108,32,2025-07-26,Completed
11109,148,2025-07-26,Completed
11110,69,2025-07-06,Completed
11111,34,2025-07-03,Completed
11112,8,2025-07-30,Completed
11113,240,2025-07-30,Returned
11114,118,2025-07-07,Completed
11115,80,2025-07-13,Completed
11116,243,2025-07-28,Completed
11117,93,2025-07-10,Completed
11118,75,2025-07-11,Cancelled
11119,250,2025-07-14,Completed
11120,73,2025-07-15,Completed
11121,221,2025-07-05,Completed
11122,65,2025-07-06,Completed
11123,234,2025-07-18,Completed
11124,190,2025-07-18,Completed
11125,3,2025-07-10,Cancelled
11126,240,2025-07-13,Completed
11127,32,2025-07-18,Completed
11128,242,2025-07-20,Completed
11129,7,2025-07-25,Returned
11130,82,2025-07-11,Completed
11131,104,2025-07-28,Completed
11132,112,2025-07-21,Cancelled
11133,76,2025-07-04,Completed
11134,153,2025-07-26,Completed
11135,133,2025-07-21,Completed
11136,111,2025-07-31,Completed
11137,242,2025-07-12,Cancelled
11138,144,2025-07-05,Cancelled
11139,174,2025-07-12,Completed
11140,97,2025-07-12,Completed
11141,234,2025-07-14,Completed
11142,218,2025-07-21,Completed
11143,115,2025-07-04,Completed
11144,57,2025-07-06,Completed
11145,77,2025-07-31,Completed
11146,15,2025-07-19,Completed
11147,46,2025-07-16,Completed
11148,171,2025-07-10,Completed
11149,36,2025-07-30,Completed
11150,139,2025-07-20,Completed
11151,221,2025-07-01,Cancelled
11152,151,2025-07-01,Returned
11153,67,2025-08-10,Returned
11154,157,2025-08-29,Completed
11155,61,2025-08-26,Completed
11156,38,2025-08-02,Cancelled
11157,126,2025-08-18,Completed
11158,257,2025-08-28,Completed
11159,172,2025-08-10,Completed
11160,195,2025-08-08,Completed
11161,107,2025-08-10,Completed
11162,155,2025-08-13,Completed
11163,47,2025-08-03,Completed
11164,84,2025-08-14,Cancelled
11165,157,2025-08-15,Completed
11166,192,2025-08-12,Completed
11167,257,2025-08-22,Completed
11168,127,2025-08-23,Completed
11169,216,2025-08-09,Completed
11170,3,2025-08-08,Completed
11171,46,2025-08-19,Completed
11172,142,2025-08-22,Completed
11173,6,2025-08-08,Completed
11174,6,2025-08-13,Completed
11175,14,2025-08-04,Returned
11176,151,2025-08-01,Completed
11177,52,2025-08-08,Completed
11178,200,2025-08-02,Completed
11179,212,2025-08-20,Completed
11180,156,2025-08-27,Completed
11181,8,2025-08-14,Completed
11182,71,2025-08-01,Completed
11183,215,2025-08-20,Completed
11184,71,2025-08-20,Cancelled
11185,16,2025-08-05,Completed
11186,6,2025-08-20,Returned
11187,195,2025-08-20,Returned
11188,230,2025-08-26,Completed
11189,200,2025-08-23,Completed
11190,72,2025-08-30,Completed
11191,82,2025-08-18,Completed
11192,158,2025-08-02,Completed
11193,10,2025-08-24,Completed
11194,158,2025-08-23,Completed
11195,80,2025-08-18,Returned
11196,116,2025-08-06,Completed
11197,45,2025-08-05,Completed
11198,69,2025-08-24,Completed
11199,69,2025-08-04,Completed
11200,23,2025-08-21,Completed
11201,133,2025-08-09,Completed
11202,52,2025-08-17,Completed
11203,183,2025-08-08,Completed
11204,7,2025-08-20,Completed
11205,140,2025-08-17,Completed
11206,136,2025-08-26,Completed
11207,255,2025-08-06,Cancelled
11208,23,2025-08-23,Completed
11209,41,2025-08-02,Completed
11210,191,2025-08-31,Returned
11211,206,2025-08-13,Cancelled
11212,7,2025-08-04,Completed
11213,233,2025-08-10,Completed
11214,159,2025-08-15,Completed
11215,23,2025-08-22,Completed
11216,158,2025-08-17,Completed
11217,71,2025-08-17,Completed
11218,24,2025-08-10,Completed
11219,254,2025-08-29,Completed
11220,91,2025-08-15,Cancelled
11221,67,2025-08-16,Completed
11222,188,2025-08-28,Returned
11223,97,2025-08-17,Completed
11224,8,2025-08-25,Completed
11225,61,2025-09-21,Completed
11226,51,2025-09-07,Completed
11227,80,2025-09-07,Completed
11228,143,2025-09-01,Returned
11229,174,2025-09-02,Completed
11230,229,2025-09-28,Completed
11231,147,2025-09-20,Completed
11232,126,2025-09-09,Returned
11233,126,2025-09-14,Returned
11234,61,2025-09-27,Completed
11235,191,2025-09-14,Completed
11236,238,2025-09-01,Returned
11237,140,2025-09-05,Cancelled
11238,142,2025-09-05,Completed
11239,92,2025-09-17,Completed
11240,126,2025-09-10,Completed
11241,192,2025-09-30,Completed
11242,36,2025-09-18,Completed
11243,20,2025-09-28,Completed
11244,225,2025-09-12,Completed
11245,225,2025-09-04,Completed
11246,176,2025-09-21,Completed
11247,119,2025-09-11,Completed
11248,188,2025-09-09,Completed
11249,228,2025-09-15,Cancelled
11250,85,2025-09-14,Cancelled
11251,89,2025-09-29,Returned
11252,34,2025-09-01,Completed
11253,155,2025-09-02,Completed
11254,135,2025-09-26,Completed
11255,203,2025-09-10,Completed
11256,129,2025-09-07,Completed
11257,68,2025-09-12,Completed
11258,256,2025-09-14,Completed
11259,226,2025-09-22,Cancelled
11260,220,2025-09-19,Completed
11261,245,2025-09-07,Completed
11262,20,2025-09-11,Completed
11263,112,2025-09-02,Completed
11264,244,2025-09-06,Cancelled
11265,220,2025-09-23,Completed
11266,172,2025-09-13,Completed
11267,165,2025-09-12,Completed
11268,230,2025-09-28,Completed
11269,142,2025-09-01,Completed
11270,188,2025-09-16,Completed
11271,226,2025-09-17,Completed
11272,68,2025-09-16,Completed
11273,239,2025-09-13,Completed
11274,11,2025-09-03,Completed
11275,155,2025-09-28,Completed
11276,49,2025-09-28,Completed
11277,141,2025-09-16,Completed
11278,248,2025-09-20,Completed
11279,164,2025-09-15,Cancelled
11280,23,2025-09-26,Cancelled
11281,137,2025-09-28,Completed
11282,194,2025-09-29,Completed
11283,250,2025-09-25,Completed
11284,155,2025-09-19,Cancelled
11285,242,2025-09-04,Completed
11286,116,2025-09-10,Completed
11287,93,2025-09-04,Cancelled
11288,23,2025-09-21,Completed
11289,242,2025-09-23,Completed
11290,250,2025-09-14,Completed
11291,34,2025-09-14,Completed
11292,22,2025-09-20,Completed
11293,3,2025-09-01,Completed
11294,189,2025-09-30,Completed
11295,191,2025-09-24,Completed
11296,241,2025-09-28,Cancelled
11297,61,2025-10-20,Completed
11298,254,2025-10-18,Returned
11299,254,2025-10-05,Completed
11300,175,2025-10-27,Completed
11301,168,2025-10-17,Completed
11302,209,2025-10-16,Completed
11303,123,2025-10-17,Completed
11304,145,2025-10-16,Returned
11305,89,2025-10-20,Completed
11306,113,2025-10-25,Returned
11307,233,2025-10-29,Completed
11308,147,2025-10-03,Completed
11309,119,2025-10-20,Completed
11310,86,2025-10-24,Completed
11311,27,2025-10-19,Completed
11312,246,2025-10-01,Completed
11313,61,2025-10-25,Completed
11314,81,2025-10-23,Completed
11315,97,2025-10-24,Completed
11316,104,2025-10-01,Cancelled
11317,176,2025-10-18,Completed
11318,254,2025-10-28,Completed
11319,85,2025-10-05,Completed
11320,67,2025-10-16,Completed
11321,13,2025-10-14,Completed
11322,101,2025-10-24,Completed
11323,14,2025-10-11,Cancelled
11324,116,2025-10-13,Completed
11325,210,2025-10-17,Completed
11326,131,2025-10-06,Completed
11327,18,2025-10-09,Completed
11328,191,2025-10-17,Completed
11329,236,2025-10-24,Completed
11330,16,2025-10-18,Completed
11331,91,2025-10-30,Completed
11332,148,2025-10-09,Completed
11333,194,2025-10-23,Completed
11334,4,2025-10-04,Cancelled
11335,200,2025-10-28,Completed
11336,14,2025-10-19,Cancelled
11337,171,2025-10-24,Completed
11338,26,2025-10-31,Completed
11339,113,2025-10-05,Completed
11340,96,2025-10-25,Completed
11341,46,2025-10-29,Completed
11342,216,2025-10-06,Cancelled
11343,77,2025-10-07,Completed
11344,183,2025-10-30,Completed
11345,130,2025-10-27,Completed
11346,86,2025-10-02,Completed
11347,175,2025-10-02,Completed
11348,14,2025-10-05,Completed
11349,84,2025-10-11,Completed
11350,1,2025-10-28,Completed
11351,42,2025-10-26,Returned
11352,129,2025-10-16,Completed
11353,181,2025-10-23,Completed
11354,67,2025-10-28,Completed
11355,224,2025-10-31,Completed
11356,127,2025-10-30,Completed
11357,48,2025-10-25,Completed
11358,151,2025-10-04,Completed
11359,106,2025-10-02,Completed
11360,142,2025-10-04,Completed
11361,74,2025-10-19,Completed
11362,141,2025-10-14,Cancelled
11363,11,2025-10-29,Completed
11364,156,2025-10-05,Completed
11365,120,2025-10-13,Cancelled
11366,193,2025-10-01,Cancelled
11367,218,2025-10-20,Completed
11368,229,2025-10-04,Cancelled
11369,220,2025-11-19,Cancelled
11370,59,2025-11-26,Cancelled
11371,215,2025-11-16,Completed
11372,197,2025-11-09,Completed
11373,47,2025-11-10,Completed
11374,69,2025-11-29,Completed
11375,44,2025-11-06,Completed
11376,187,2025-11-06,Completed
11377,174,2025-11-01,Completed
11378,16,2025-11-28,Cancelled
11379,159,2025-11-21,Cancelled
11380,131,2025-11-11,Completed
11381,245,2025-11-19,Returned
11382,253,2025-11-04,Completed
11383,137,2025-11-07,Completed
11384,215,2025-11-12,Completed
11385,34,2025-11-07,Completed
11386,99,2025-11-07,Completed
11387,255,2025-11-16,Cancelled
11388,216,2025-11-09,Completed
11389,75,2025-11-18,Completed
11390,71,2025-11-30,Completed
11391,104,2025-11-19,Completed
11392,239,2025-11-10,Completed
11393,234,2025-11-18,Completed
11394,148,2025-11-30,Cancelled
11395,144,2025-11-26,Cancelled
11396,239,2025-11-08,Completed
11397,55,2025-11-30,Completed
11398,87,2025-11-11,Cancelled
11399,25,2025-11-27,Returned
11400,55,2025-11-25,Completed
11401,25,2025-11-19,Completed
11402,45,2025-11-11,Completed
11403,71,2025-11-08,Completed
11404,46,2025-11-25,Cancelled
11405,216,2025-11-25,Completed
11406,55,2025-11-30,Completed
11407,10,2025-11-23,Completed
11408,240,2025-11-05,Completed
11409,189,2025-11-21,Completed
11410,96,2025-11-11,Completed
11411,32,2025-11-05,Completed
11412,204,2025-11-03,Completed
11413,134,2025-11-21,Completed
11414,127,2025-11-15,Completed
11415,55,2025-11-27,Completed
11416,69,2025-11-23,Completed
11417,81,2025-11-12,Completed
11418,10,2025-11-26,Completed
11419,118,2025-11-22,Cancelled
11420,155,2025-11-12,Completed
11421,34,2025-11-12,Completed
11422,65,2025-11-21,Completed
11423,159,2025-11-03,Completed
11424,48,2025-11-02,Completed
11425,217,2025-11-26,Completed
11426,17,2025-11-20,Cancelled
11427,207,2025-11-01,Completed
11428,178,2025-11-18,Completed
11429,120,2025-11-06,Completed
11430,186,2025-11-10,Completed
11431,171,2025-11-12,Completed
11432,223,2025-11-09,Completed
11433,71,2025-11-08,Completed
11434,86,2025-11-18,Completed
11435,89,2025-11-13,Completed
11436,69,2025-11-13,Completed
11437,17,2025-11-12,Completed
11438,126,2025-11-09,Cancelled
11439,168,2025-11-22,Completed
11440,245,2025-11-30,Completed
11441,55,2025-12-04,Completed
11442,33,2025-12-27,Completed
11443,139,2025-12-17,Completed
11444,150,2025-12-13,Completed
11445,107,2025-12-14,Completed
11446,113,2025-12-05,Completed
11447,75,2025-12-23,Cancelled
11448,220,2025-12-05,Completed
11449,81,2025-12-31,Completed
11450,183,2025-12-12,Completed
11451,50,2025-12-28,Cancelled
11452,137,2025-12-01,Cancelled
11453,234,2025-12-13,Completed
11454,215,2025-12-16,Completed
11455,136,2025-12-22,Completed
11456,258,2025-12-29,Completed
11457,236,2025-12-15,Completed
11458,236,2025-12-24,Completed
11459,156,2025-12-15,Cancelled
11460,2,2025-12-21,Cancelled
11461,234,2025-12-24,Returned
11462,135,2025-12-27,Completed
11463,135,2025-12-05,Completed
11464,207,2025-12-14,Completed
11465,120,2025-12-07,Completed
11466,13,2025-12-07,Completed
11467,155,2025-12-02,Completed
11468,65,2025-12-19,Completed
11469,137,2025-12-28,Cancelled
11470,242,2025-12-05,Completed
11471,93,2025-12-26,Cancelled
11472,213,2025-12-29,Completed
11473,243,2025-12-30,Cancelled
11474,50,2025-12-02,Completed
11475,48,2025-12-20,Completed
11476,108,2025-12-22,Completed
11477,132,2025-12-26,Completed
11478,88,2025-12-05,Completed
11479,203,2025-12-15,Completed
11480,134,2025-12-26,Completed
11481,59,2025-12-10,Completed
11482,239,2025-12-14,Completed
11483,224,2025-12-27,Completed
11484,250,2025-12-22,Completed
11485,96,2025-12-31,Returned
11486,255,2025-12-16,Completed
11487,11,2025-12-22,Completed
11488,226,2025-12-25,Completed
11489,186,2025-12-31,Completed
11490,203,2025-12-16,Completed
11491,67,2025-12-23,Returned
11492,93,2025-12-19,Completed
11493,139,2025-12-30,Cancelled
11494,26,2025-12-20,Completed
11495,58,2025-12-13,Completed
11496,38,2025-12-18,Completed
11497,187,2025-12-12,Completed
11498,127,2025-12-01,Cancelled
11499,187,2025-12-08,Completed
11500,217,2025-12-25,Completed
11501,161,2025-12-17,Cancelled
11502,190,2025-12-31,Cancelled
11503,255,2025-12-21,Completed
11504,238,2025-12-14,Completed
11505,211,2025-12-01,Completed
11506,156,2025-12-18,Completed
11507,197,2025-12-22,Completed
11508,146,2025-12-27,Completed
11509,253,2025-12-07,Completed
11510,223,2025-12-25,Completed
11511,42,2025-12-11,Completed
11512,42,2025-12-18,Completed
11513,206,2026-01-01,Completed
11514,52,2026-01-22,Completed
11515,80,2026-01-01,Completed
11516,158,2026-01-12,Completed
11517,174,2026-01-24,Completed
11518,195,2026-01-28,Returned
11519,8,2026-01-31,Completed
11520,125,2026-01-31,Completed
11521,4,2026-01-24,Completed
11522,24,2026-01-02,Completed
11523,187,2026-01-14,Completed
11524,67,2026-01-07,Completed
11525,248,2026-01-29,Completed
11526,87,2026-01-06,Cancelled
11527,172,2026-01-02,Completed
11528,29,2026-01-10,Completed
11529,171,2026-01-06,Completed
11530,191,2026-01-10,Completed
11531,120,2026-01-15,Completed
11532,52,2026-01-11,Completed
11533,181,2026-01-18,Completed
11534,66,2026-01-08,Completed
11535,230,2026-01-07,Completed
11536,103,2026-01-13,Completed
11537,129,2026-01-09,Completed
11538,248,2026-01-11,Completed
11539,66,2026-01-05,Returned
11540,138,2026-01-25,Completed
11541,93,2026-01-05,Completed
11542,245,2026-01-03,Completed
11543,18,2026-01-23,Completed
11544,192,2026-01-22,Completed
11545,258,2026-01-17,Completed
11546,58,2026-01-21,Completed
11547,86,2026-01-28,Completed
11548,242,2026-01-23,Returned
11549,115,2026-01-29,Returned
11550,197,2026-01-23,Completed
11551,69,2026-01-29,Completed
11552,112,2026-01-29,Completed
11553,76,2026-01-26,Completed
11554,31,2026-01-22,Completed
11555,19,2026-01-25,Completed
11556,106,2026-01-22,Completed
11557,92,2026-01-08,Returned
11558,170,2026-01-19,Completed
11559,172,2026-01-13,Cancelled
11560,178,2026-01-23,Completed
11561,212,2026-01-03,Completed
11562,60,2026-01-06,Completed
11563,230,2026-01-18,Completed
11564,146,2026-01-15,Completed
11565,192,2026-01-27,Completed
11566,174,2026-01-02,Completed
11567,184,2026-01-30,Completed
11568,241,2026-01-05,Completed
11569,150,2026-01-30,Completed
11570,175,2026-01-29,Completed
11571,107,2026-01-26,Completed
11572,101,2026-01-20,Completed
11573,220,2026-01-21,Completed
11574,258,2026-01-25,Completed
11575,122,2026-01-26,Completed
11576,5,2026-01-07,Completed
11577,69,2026-01-07,Completed
11578,249,2026-01-12,Completed
11579,179,2026-01-25,Completed
11580,218,2026-01-16,Completed
11581,33,2026-01-02,Completed
11582,1,2026-01-06,Returned
11583,165,2026-01-15,Completed
11584,218,2026-01-14,Cancelled
11585,234,2026-01-22,Completed
11586,48,2026-01-03,Completed
11587,71,2026-01-24,Completed
11588,141,2026-01-07,Completed
11589,175,2026-01-13,Cancelled
11590,249,2026-01-10,Completed
11591,15,2026-01-03,Completed
11592,221,2026-01-23,Returned
11593,248,2026-01-22,Completed
11594,197,2026-01-27,Completed
11595,147,2026-01-21,Cancelled
11596,230,2026-01-03,Completed
11597,108,2026-01-12,Completed
11598,101,2026-02-13,Returned
11599,185,2026-02-27,Completed
11600,164,2026-02-15,Cancelled
11601,2,2026-02-14,Completed
11602,115,2026-02-14,Completed
11603,15,2026-02-04,Completed
11604,52,2026-02-09,Completed
11605,106,2026-02-09,Completed
11606,165,2026-02-26,Completed
11607,260,2026-02-13,Cancelled
11608,257,2026-02-15,Completed
11609,224,2026-02-11,Completed
11610,38,2026-02-09,Completed
11611,81,2026-02-23,Cancelled
11612,185,2026-02-20,Completed
11613,93,2026-02-04,Completed
11614,148,2026-02-17,Completed
11615,155,2026-02-26,Completed
11616,88,2026-02-22,Cancelled
11617,92,2026-02-20,Completed
11618,91,2026-02-23,Completed
11619,176,2026-02-25,Completed
11620,242,2026-02-22,Completed
11621,41,2026-02-14,Completed
11622,43,2026-02-09,Completed
11623,172,2026-02-01,Completed
11624,256,2026-02-11,Cancelled
11625,144,2026-02-02,Completed
11626,82,2026-02-18,Completed
11627,157,2026-02-23,Returned
11628,131,2026-02-23,Completed
11629,195,2026-02-04,Completed
11630,126,2026-02-25,Completed
11631,127,2026-02-01,Completed
11632,67,2026-02-13,Completed
11633,241,2026-02-07,Cancelled
11634,42,2026-02-20,Completed
11635,14,2026-02-08,Completed
11636,88,2026-02-26,Completed
11637,235,2026-02-28,Completed
11638,60,2026-02-04,Cancelled
11639,192,2026-02-08,Completed
11640,90,2026-02-21,Completed
11641,147,2026-02-08,Completed
11642,224,2026-02-05,Completed
11643,2,2026-02-05,Completed
11644,113,2026-02-22,Completed
11645,211,2026-02-07,Completed
11646,187,2026-02-18,Cancelled
11647,238,2026-02-05,Completed
11648,230,2026-02-07,Completed
11649,93,2026-02-13,Cancelled
11650,113,2026-02-16,Completed
11651,193,2026-02-15,Returned
11652,84,2026-02-22,Returned
11653,131,2026-02-20,Cancelled
11654,92,2026-02-21,Completed
11655,92,2026-02-26,Completed
11656,172,2026-02-02,Completed
11657,34,2026-02-19,Completed
11658,221,2026-02-08,Completed
11659,19,2026-02-02,Completed
11660,18,2026-02-22,Cancelled
11661,118,2026-02-11,Completed
11662,99,2026-02-09,Returned
11663,54,2026-02-13,Completed
11664,136,2026-02-14,Completed
11665,111,2026-02-28,Completed
11666,82,2026-02-24,Completed
11667,186,2026-02-18,Completed
11668,27,2026-02-09,Completed
11669,253,2026-02-09,Completed
11670,242,2026-02-08,Completed
11671,241,2026-02-13,Completed
11672,159,2026-02-10,Cancelled
11673,126,2026-02-21,Completed
11674,34,2026-02-20,Completed
11675,187,2026-02-13,Completed
11676,98,2026-02-22,Completed
11677,208,2026-02-05,Completed
11678,41,2026-02-21,Completed
11679,67,2026-02-14,Completed
11680,109,2026-02-25,Completed
11681,221,2026-02-05,Completed
11682,86,2026-02-09,Completed
11683,171,2026-03-14,Completed
11684,62,2026-03-20,Completed
11685,27,2026-03-01,Completed
11686,68,2026-03-04,Completed
11687,184,2026-03-29,Completed
11688,52,2026-03-01,Completed
11689,201,2026-03-27,Completed
11690,41,2026-03-08,Completed
11691,196,2026-03-18,Completed
11692,125,2026-03-11,Completed
11693,234,2026-03-24,Completed
11694,218,2026-03-14,Cancelled
11695,125,2026-03-02,Completed
11696,240,2026-03-12,Completed
11697,16,2026-03-27,Completed
11698,22,2026-03-07,Completed
11699,81,2026-03-25,Completed
11700,16,2026-03-13,Completed
11701,81,2026-03-10,Completed
11702,242,2026-03-27,Completed
11703,184,2026-03-19,Completed
11704,14,2026-03-29,Completed
11705,149,2026-03-29,Completed
11706,192,2026-03-10,Completed
11707,125,2026-03-05,Completed
11708,184,2026-03-23,Completed
11709,76,2026-03-31,Completed
11710,43,2026-03-22,Cancelled
11711,115,2026-03-16,Completed
11712,226,2026-03-11,Completed
11713,144,2026-03-18,Completed
11714,138,2026-03-17,Completed
11715,200,2026-03-20,Completed
11716,257,2026-03-06,Cancelled
11717,120,2026-03-23,Completed
11718,132,2026-03-12,Completed
11719,163,2026-03-09,Completed
11720,4,2026-03-30,Completed
11721,108,2026-03-13,Completed
11722,239,2026-03-26,Completed
11723,72,2026-03-15,Cancelled
11724,16,2026-03-09,Completed
11725,184,2026-03-05,Completed
11726,184,2026-03-07,Completed
11727,31,2026-03-28,Completed
11728,195,2026-03-26,Completed
11729,253,2026-03-20,Returned
11730,169,2026-03-06,Completed
11731,201,2026-03-31,Completed
11732,8,2026-03-08,Completed
11733,99,2026-03-05,Completed
11734,28,2026-03-28,Completed
11735,178,2026-03-31,Completed
11736,191,2026-03-13,Completed
11737,145,2026-03-26,Completed
11738,109,2026-03-06,Returned
11739,8,2026-03-10,Completed
11740,203,2026-03-18,Completed
11741,206,2026-03-14,Completed
11742,238,2026-03-09,Completed
11743,5,2026-03-29,Completed
11744,248,2026-03-26,Completed
11745,137,2026-03-28,Completed
11746,68,2026-03-23,Completed
11747,136,2026-03-14,Completed
11748,172,2026-03-09,Returned
11749,163,2026-03-09,Completed
11750,167,2026-03-06,Completed
11751,123,2026-03-08,Completed
11752,2,2026-03-05,Completed
11753,116,2026-03-11,Completed
11754,234,2026-03-15,Completed
11755,29,2026-03-10,Completed
11756,256,2026-03-12,Completed
11757,113,2026-03-11,Returned
11758,71,2026-03-02,Completed
11759,159,2026-03-07,Completed
11760,168,2026-03-01,Completed
11761,218,2026-03-23,Completed
11762,11,2026-03-13,Completed
11763,149,2026-03-21,Completed
11764,84,2026-03-02,Returned
11765,65,2026-03-26,Completed
11766,244,2026-03-31,Cancelled
11767,119,2026-03-18,Completed
11768,175,2026-04-19,Completed
11769,226,2026-04-10,Returned
11770,156,2026-04-27,Completed
11771,152,2026-04-13,Completed
11772,13,2026-04-17,Completed
11773,69,2026-04-30,Completed
11774,72,2026-04-20,Completed
11775,25,2026-04-10,Completed
11776,234,2026-04-27,Completed
11777,231,2026-04-24,Returned
11778,175,2026-04-24,Completed
11779,122,2026-04-22,Completed
11780,32,2026-04-17,Completed
11781,51,2026-04-14,Completed
11782,96,2026-04-21,Completed
11783,245,2026-04-27,Completed
11784,197,2026-04-22,Cancelled
11785,51,2026-04-07,Completed
11786,230,2026-04-12,Completed
11787,166,2026-04-18,Completed
11788,188,2026-04-05,Completed
11789,69,2026-04-04,Completed
11790,43,2026-04-15,Completed
11791,203,2026-04-02,Completed
11792,39,2026-04-09,Completed
11793,109,2026-04-30,Completed
11794,244,2026-04-24,Completed
11795,246,2026-04-03,Completed
11796,2,2026-04-12,Cancelled
11797,22,2026-04-07,Completed
11798,204,2026-04-06,Completed
11799,155,2026-04-10,Completed
11800,192,2026-04-05,Completed
11801,247,2026-04-15,Completed
11802,68,2026-04-28,Completed
11803,249,2026-04-11,Completed
11804,194,2026-04-05,Completed
11805,203,2026-04-24,Returned
11806,253,2026-04-19,Completed
11807,196,2026-04-17,Completed
11808,169,2026-04-24,Completed
11809,56,2026-04-21,Completed
11810,255,2026-04-30,Completed
11811,5,2026-04-14,Completed
11812,82,2026-04-19,Completed
11813,104,2026-04-27,Completed
11814,168,2026-04-09,Completed
11815,80,2026-04-27,Cancelled
11816,10,2026-04-21,Completed
11817,64,2026-04-27,Completed
11818,117,2026-04-15,Completed
11819,105,2026-04-19,Cancelled
11820,136,2026-04-15,Completed
11821,15,2026-04-23,Completed
11822,16,2026-04-29,Completed
11823,42,2026-04-14,Cancelled
11824,141,2026-04-13,Cancelled
11825,16,2026-04-01,Completed
11826,4,2026-04-26,Completed
11827,223,2026-04-04,Completed
11828,258,2026-04-24,Completed
11829,193,2026-04-22,Completed
11830,240,2026-04-09,Completed
11831,203,2026-04-26,Completed
11832,86,2026-04-25,Completed
11833,45,2026-04-22,Completed
11834,238,2026-04-23,Completed
11835,217,2026-04-23,Completed
11836,225,2026-04-24,Completed
11837,115,2026-04-19,Completed
11838,123,2026-04-25,Completed
11839,47,2026-04-20,Completed
11840,212,2026-04-20,Completed
11841,25,2026-04-25,Completed
11842,155,2026-04-29,Completed
11843,123,2026-04-04,Completed
11844,65,2026-04-13,Completed
11845,88,2026-04-18,Cancelled
11846,159,2026-04-11,Completed
11847,4,2026-04-30,Completed
11848,17,2026-04-25,Completed
11849,224,2026-04-05,Completed
11850,46,2026-04-16,Completed
11851,19,2026-04-08,Completed
11852,51,2026-04-04,Completed
11853,52,2026-05-27,Completed
11854,217,2026-05-05,Completed
11855,9,2026-05-20,Completed
11856,42,2026-05-24,Completed
11857,5,2026-05-27,Returned
11858,256,2026-05-23,Completed
11859,90,2026-05-24,Completed
11860,78,2026-05-31,Completed
11861,135,2026-05-16,Completed
11862,179,2026-05-29,Completed
11863,142,2026-05-31,Completed
11864,101,2026-05-07,Completed
11865,16,2026-05-29,Completed
11866,139,2026-05-26,Completed
11867,83,2026-05-12,Cancelled
11868,218,2026-05-20,Completed
11869,2,2026-05-01,Completed
11870,221,2026-05-21,Cancelled
11871,8,2026-05-11,Completed
11872,163,2026-05-14,Completed
11873,189,2026-05-27,Completed
11874,111,2026-05-07,Completed
11875,163,2026-05-15,Completed
11876,59,2026-05-28,Completed
11877,220,2026-05-06,Completed
11878,2,2026-05-27,Completed
11879,230,2026-05-20,Completed
11880,42,2026-05-16,Completed
11881,113,2026-05-03,Completed
11882,114,2026-05-10,Completed
11883,92,2026-05-15,Completed
11884,29,2026-05-04,Completed
11885,168,2026-05-16,Completed
11886,76,2026-05-11,Completed
11887,99,2026-05-18,Completed
11888,189,2026-05-06,Completed
11889,103,2026-05-27,Completed
11890,225,2026-05-20,Completed
11891,165,2026-05-10,Completed
11892,127,2026-05-26,Completed
11893,19,2026-05-28,Completed
11894,137,2026-05-02,Completed
11895,229,2026-05-30,Completed
11896,10,2026-05-22,Completed
11897,244,2026-05-24,Completed
11898,102,2026-05-09,Completed
11899,203,2026-05-31,Completed
11900,222,2026-05-30,Completed
11901,102,2026-05-06,Completed
11902,108,2026-05-14,Completed
11903,122,2026-05-27,Completed
11904,97,2026-05-28,Completed
11905,185,2026-05-03,Completed
11906,14,2026-05-16,Completed
11907,213,2026-05-25,Completed
11908,93,2026-05-08,Completed
11909,157,2026-05-12,Completed
11910,169,2026-05-12,Completed
11911,199,2026-05-24,Cancelled
11912,153,2026-05-11,Returned
11913,207,2026-05-12,Completed
11914,112,2026-05-09,Completed
11915,191,2026-05-04,Completed
11916,133,2026-05-25,Completed
11917,42,2026-05-06,Completed
11918,13,2026-05-06,Completed
11919,148,2026-05-05,Completed
11920,33,2026-05-30,Completed
11921,142,2026-05-09,Completed
11922,186,2026-05-05,Completed
11923,125,2026-05-14,Completed
11924,1,2026-05-12,Completed
11925,144,2026-05-13,Completed
11926,79,2026-05-18,Completed
11927,86,2026-05-03,Completed
11928,145,2026-05-17,Completed
11929,155,2026-05-12,Completed
11930,92,2026-05-14,Completed
11931,238,2026-05-04,Completed
11932,250,2026-05-15,Completed
11933,73,2026-05-03,Completed
11934,139,2026-05-25,Cancelled
11935,43,2026-05-17,Completed
11936,59,2026-05-06,Cancelled
11937,86,2026-05-18,Cancelled
11938,83,2026-06-01,Completed
11939,110,2026-06-08,Cancelled
11940,210,2026-06-08,Completed
11941,203,2026-06-29,Completed
11942,39,2026-06-05,Completed
11943,80,2026-06-07,Completed
11944,22,2026-06-22,Completed
11945,8,2026-06-05,Completed
11946,153,2026-06-16,Completed
11947,185,2026-06-18,Completed
11948,245,2026-06-17,Completed
11949,165,2026-06-20,Cancelled
11950,23,2026-06-12,Completed
11951,67,2026-06-24,Completed
11952,38,2026-06-24,Completed
11953,186,2026-06-12,Returned
11954,79,2026-06-19,Cancelled
11955,192,2026-06-12,Completed
11956,243,2026-06-12,Completed
11957,215,2026-06-24,Completed
11958,39,2026-06-22,Completed
11959,240,2026-06-12,Completed
11960,114,2026-06-11,Completed
11961,170,2026-06-23,Completed
11962,82,2026-06-10,Cancelled
11963,7,2026-06-27,Completed
11964,144,2026-06-19,Completed
11965,80,2026-06-16,Cancelled
11966,104,2026-06-26,Completed
11967,58,2026-06-29,Completed
11968,199,2026-06-17,Completed
11969,236,2026-06-09,Completed
11970,248,2026-06-21,Completed
11971,138,2026-06-11,Completed
11972,116,2026-06-19,Cancelled
11973,133,2026-06-03,Completed
11974,144,2026-06-18,Completed
11975,192,2026-06-07,Cancelled
11976,163,2026-06-11,Completed
11977,180,2026-06-12,Cancelled
11978,218,2026-06-18,Completed
11979,120,2026-06-30,Completed
11980,12,2026-06-10,Completed
11981,191,2026-06-24,Completed
11982,143,2026-06-07,Completed
11983,254,2026-06-10,Completed
11984,188,2026-06-06,Cancelled
11985,106,2026-06-07,Completed
11986,247,2026-06-23,Completed
11987,210,2026-06-24,Completed
11988,98,2026-06-22,Completed
11989,219,2026-06-10,Returned
11990,197,2026-06-23,Completed
11991,4,2026-06-24,Completed
11992,184,2026-06-28,Cancelled
11993,77,2026-06-30,Completed
11994,91,2026-06-28,Completed
11995,127,2026-06-10,Completed
11996,233,2026-06-24,Completed
11997,235,2026-06-20,Completed
11998,126,2026-06-02,Completed
11999,141,2026-06-20,Completed
12000,59,2026-06-05,Completed
12001,151,2026-06-26,Completed
12002,147,2026-06-09,Completed
12003,114,2026-06-17,Completed
12004,130,2026-06-01,Completed
12005,152,2026-06-21,Completed
12006,71,2026-06-09,Completed
12007,226,2026-06-17,Returned
12008,198,2026-06-27,Cancelled
12009,61,2026-06-09,Completed
12010,134,2026-06-26,Completed
12011,173,2026-06-06,Completed
12012,71,2026-06-14,Completed
12013,165,2026-06-12,Cancelled
12014,221,2026-06-18,Completed
12015,56,2026-06-15,Completed
12016,259,2026-06-18,Completed
12017,222,2026-06-22,Completed
12018,87,2026-06-14,Cancelled
12019,13,2026-06-22,Completed
12020,63,2026-06-02,Completed
12021,234,2026-06-22,Completed
12022,203,2026-06-29,Returned
12023,127,2026-07-09,Completed
12024,251,2026-07-20,Completed
12025,258,2026-07-18,Completed
12026,69,2026-07-14,Cancelled
12027,239,2026-07-03,Completed
12028,96,2026-07-08,Completed
12029,178,2026-07-18,Completed
12030,171,2026-07-31,Completed
12031,127,2026-07-30,Returned
12032,28,2026-07-12,Completed
12033,172,2026-07-28,Completed
12034,97,2026-07-17,Completed
12035,45,2026-07-12,Returned
12036,117,2026-07-26,Cancelled
12037,16,2026-07-10,Completed
12038,203,2026-07-12,Completed
12039,71,2026-07-17,Completed
12040,246,2026-07-27,Completed
12041,57,2026-07-22,Completed
12042,230,2026-07-23,Completed
12043,2,2026-07-09,Completed
12044,230,2026-07-01,Completed
12045,182,2026-07-04,Completed
12046,34,2026-07-23,Completed
12047,84,2026-07-01,Completed
12048,56,2026-07-26,Completed
12049,109,2026-07-23,Completed
12050,80,2026-07-05,Completed
12051,83,2026-07-22,Completed
12052,144,2026-07-22,Completed
12053,241,2026-07-26,Completed
12054,121,2026-07-14,Cancelled
12055,187,2026-07-03,Completed
12056,250,2026-07-24,Completed
12057,51,2026-07-12,Completed
12058,202,2026-07-28,Completed
12059,200,2026-07-27,Completed
12060,10,2026-07-02,Completed
12061,21,2026-07-05,Completed
12062,86,2026-07-07,Cancelled
12063,111,2026-07-20,Completed
12064,41,2026-07-05,Completed
12065,67,2026-07-22,Completed
12066,221,2026-07-13,Completed
12067,59,2026-07-01,Completed
12068,249,2026-07-26,Completed
12069,237,2026-07-15,Completed
12070,10,2026-07-07,Completed
12071,27,2026-07-30,Completed
12072,179,2026-07-14,Completed
12073,4,2026-07-23,Completed
12074,85,2026-07-15,Completed
12075,123,2026-07-04,Completed
12076,110,2026-07-13,Completed
12077,165,2026-07-14,Completed
12078,125,2026-07-22,Completed
12079,176,2026-07-14,Completed
12080,69,2026-07-23,Completed
12081,29,2026-07-10,Completed
12082,143,2026-07-10,Completed
12083,209,2026-07-08,Completed
12084,31,2026-07-29,Completed
12085,135,2026-07-27,Completed
12086,96,2026-07-18,Completed
12087,193,2026-07-16,Completed
12088,174,2026-07-05,Completed
12089,104,2026-07-21,Completed
12090,131,2026-07-04,Completed
12091,125,2026-07-03,Completed
12092,11,2026-07-08,Completed
12093,178,2026-07-31,Completed
12094,177,2026-07-01,Completed
12095,125,2026-07-23,Completed
12096,38,2026-07-20,Completed
12097,119,2026-07-26,Completed
12098,18,2026-07-29,Completed
12099,173,2026-07-19,Cancelled
12100,64,2026-07-30,Completed
12101,142,2026-07-08,Completed
12102,121,2026-07-30,Completed
12103,151,2026-07-08,Completed
12104,26,2026-07-16,Completed
12105,22,2026-07-16,Completed
12106,51,2026-07-11,Completed
12107,247,2026-07-24,Completed
12108,145,2026-08-22,Completed
12109,71,2026-08-13,Completed
12110,252,2026-08-09,Completed
12111,182,2026-08-25,Completed
12112,78,2026-08-13,Completed
12113,96,2026-08-05,Returned
12114,84,2026-08-31,Completed
12115,183,2026-08-10,Completed
12116,184,2026-08-19,Completed
12117,31,2026-08-05,Completed
12118,192,2026-08-09,Completed
12119,29,2026-08-25,Completed
12120,254,2026-08-29,Completed
12121,236,2026-08-14,Cancelled
12122,217,2026-08-04,Returned
12123,239,2026-08-12,Completed
12124,57,2026-08-20,Completed
12125,225,2026-08-04,Completed
12126,23,2026-08-22,Completed
12127,15,2026-08-10,Completed
12128,236,2026-08-21,Completed
12129,194,2026-08-12,Completed
12130,40,2026-08-04,Completed
12131,170,2026-08-25,Completed
12132,75,2026-08-28,Completed
12133,159,2026-08-29,Completed
12134,73,2026-08-22,Completed
12135,118,2026-08-01,Completed
12136,84,2026-08-14,Completed
12137,170,2026-08-03,Completed
12138,245,2026-08-30,Completed
12139,236,2026-08-21,Cancelled
12140,13,2026-08-19,Completed
12141,239,2026-08-25,Completed
12142,243,2026-08-11,Completed
12143,52,2026-08-27,Completed
12144,173,2026-08-21,Completed
12145,210,2026-08-08,Completed
12146,259,2026-08-08,Completed
12147,121,2026-08-21,Cancelled
12148,6,2026-08-23,Completed
12149,107,2026-08-08,Completed
12150,92,2026-08-14,Completed
12151,220,2026-08-18,Completed
12152,197,2026-08-12,Completed
12153,133,2026-08-28,Completed
12154,156,2026-08-18,Completed
12155,68,2026-08-19,Completed
12156,60,2026-08-13,Completed
12157,18,2026-08-08,Completed
12158,62,2026-08-04,Completed
12159,255,2026-08-24,Cancelled
12160,93,2026-08-30,Completed
12161,51,2026-08-10,Completed
12162,175,2026-08-29,Completed
12163,11,2026-08-28,Completed
12164,221,2026-08-16,Completed
12165,16,2026-08-30,Completed
12166,202,2026-08-05,Completed
12167,99,2026-08-25,Cancelled
12168,33,2026-08-17,Completed
12169,192,2026-08-20,Completed
12170,132,2026-08-31,Completed
12171,81,2026-08-01,Completed
12172,63,2026-08-19,Completed
12173,116,2026-08-14,Completed
12174,160,2026-08-04,Completed
12175,112,2026-08-01,Completed
12176,162,2026-08-28,Completed
12177,171,2026-08-19,Completed
12178,58,2026-08-20,Completed
12179,215,2026-08-16,Completed
12180,121,2026-08-07,Completed
12181,177,2026-08-16,Completed
12182,186,2026-08-28,Completed
12183,209,2026-08-02,Completed
12184,100,2026-08-10,Completed
12185,123,2026-08-03,Completed
12186,32,2026-08-13,Returned
12187,133,2026-08-28,Completed
12188,151,2026-08-22,Cancelled
12189,94,2026-08-26,Completed
12190,226,2026-08-11,Completed
12191,202,2026-08-03,Completed
12192,7,2026-08-30,Completed
10005,136,2024-01-23,Completed
99999,1,not-a-date,Completed
